{"cameraMode":{"drawMode":0,"name":"Shaded","section":"Shading Mode"},"sceneLighting":true,"audioPlay":false,"sceneViewState":{"m_AlwaysRefresh":false,"showFog":true,"showSkybox":true,"showFlares":true,"showImageEffects":true,"showParticleSystems":true,"showVisualEffectGraphs":true,"m_FxEnabled":true},"in2DMode":false,"pivot":{"x":944.9857177734375,"y":526.8611450195313,"z":-0.21209716796875},"rotation":{"x":0.006999718490988016,"y":-0.007999736815690995,"z":0.00005599660653388128,"w":0.9999457001686096},"size":469.26019287109377,"orthographic":false}